"AlleleFile","GenotypeFile"
"epg_configID1_sample_0001_N2_250_250_bb_rep1_deg1.csv","genotype_0001.csv,genotype_0002.csv"
"epg_configID1_sample_0001_N2_250_250_bb_rep2_deg1.csv","genotype_0003.csv,genotype_0004.csv"
"epg_configID1_sample_0002_N2_250_250_bb_rep1_deg1.csv","genotype_0005.csv,genotype_0006.csv"
"epg_configID1_sample_0002_N2_250_250_bb_rep2_deg1.csv","genotype_0007.csv,genotype_0008.csv"
"epg_configID2_sample_0001_N2_167_333_bb_rep1_deg1.csv","genotype_0009.csv,genotype_0010.csv"
"epg_configID2_sample_0001_N2_167_333_bb_rep2_deg1.csv","genotype_0011.csv,genotype_0012.csv"
"epg_configID2_sample_0002_N2_167_333_bb_rep1_deg1.csv","genotype_0013.csv,genotype_0014.csv"
"epg_configID2_sample_0002_N2_167_333_bb_rep2_deg1.csv","genotype_0015.csv,genotype_0016.csv"
"epg_configID3_sample_0001_N2_25_475_aa_rep1_deg1.csv","genotype_0017.csv,genotype_0018.csv"
"epg_configID3_sample_0001_N2_25_475_aa_rep2_deg1.csv","genotype_0019.csv,genotype_0020.csv"
"epg_configID3_sample_0002_N2_25_475_bb_rep1_deg1.csv","genotype_0021.csv,genotype_0022.csv"
"epg_configID3_sample_0002_N2_25_475_bb_rep2_deg1.csv","genotype_0023.csv,genotype_0024.csv"
"epg_configID4_sample_0001_N2_50_450_bb_rep1_deg1.csv","genotype_0025.csv,genotype_0026.csv"
"epg_configID4_sample_0001_N2_50_450_bb_rep2_deg1.csv","genotype_0027.csv,genotype_0028.csv"
"epg_configID4_sample_0002_N2_50_450_aa_rep1_deg1.csv","genotype_0029.csv,genotype_0030.csv"
"epg_configID4_sample_0002_N2_50_450_aa_rep2_deg1.csv","genotype_0031.csv,genotype_0032.csv"
"epg_configID5_sample_0001_N2_2500_2500_ca_rep1_deg1.csv","genotype_0033.csv,genotype_0034.csv"
"epg_configID5_sample_0001_N2_2500_2500_ca_rep2_deg1.csv","genotype_0035.csv,genotype_0036.csv"
"epg_configID5_sample_0002_N2_2500_2500_bb_rep1_deg1.csv","genotype_0037.csv,genotype_0038.csv"
"epg_configID5_sample_0002_N2_2500_2500_bb_rep2_deg1.csv","genotype_0039.csv,genotype_0040.csv"
"epg_configID6_sample_0001_N2_1667_3333_bb_rep1_deg1.csv","genotype_0041.csv,genotype_0042.csv"
"epg_configID6_sample_0001_N2_1667_3333_bb_rep2_deg1.csv","genotype_0043.csv,genotype_0044.csv"
"epg_configID6_sample_0002_N2_1667_3333_ab_rep1_deg1.csv","genotype_0045.csv,genotype_0046.csv"
"epg_configID6_sample_0002_N2_1667_3333_ab_rep2_deg1.csv","genotype_0047.csv,genotype_0048.csv"
"epg_configID7_sample_0001_N2_250_4750_aa_rep1_deg1.csv","genotype_0049.csv,genotype_0050.csv"
"epg_configID7_sample_0001_N2_250_4750_aa_rep2_deg1.csv","genotype_0051.csv,genotype_0052.csv"
"epg_configID7_sample_0002_N2_250_4750_ab_rep1_deg1.csv","genotype_0053.csv,genotype_0054.csv"
"epg_configID7_sample_0002_N2_250_4750_ab_rep2_deg1.csv","genotype_0055.csv,genotype_0056.csv"
"epg_configID8_sample_0001_N2_500_4500_aa_rep1_deg1.csv","genotype_0057.csv,genotype_0058.csv"
"epg_configID8_sample_0001_N2_500_4500_aa_rep2_deg1.csv","genotype_0059.csv,genotype_0060.csv"
"epg_configID8_sample_0002_N2_500_4500_bb_rep1_deg1.csv","genotype_0061.csv,genotype_0062.csv"
"epg_configID8_sample_0002_N2_500_4500_bb_rep2_deg1.csv","genotype_0063.csv,genotype_0064.csv"
"epg_configID9_sample_0001_N2_250_250_ff_rep1_deg2.csv","genotype_0065.csv,genotype_0066.csv"
"epg_configID9_sample_0001_N2_250_250_ff_rep2_deg2.csv","genotype_0067.csv,genotype_0068.csv"
"epg_configID9_sample_0002_N2_250_250_eb_rep1_deg2.csv","genotype_0069.csv,genotype_0070.csv"
"epg_configID9_sample_0002_N2_250_250_eb_rep2_deg2.csv","genotype_0071.csv,genotype_0072.csv"
"epg_configID10_sample_0001_N2_167_333_fe_rep1_deg2.csv","genotype_0073.csv,genotype_0074.csv"
"epg_configID10_sample_0001_N2_167_333_fe_rep2_deg2.csv","genotype_0075.csv,genotype_0076.csv"
"epg_configID10_sample_0002_N2_167_333_ec_rep1_deg2.csv","genotype_0077.csv,genotype_0078.csv"
"epg_configID10_sample_0002_N2_167_333_ec_rep2_deg2.csv","genotype_0079.csv,genotype_0080.csv"
"epg_configID11_sample_0001_N2_25_475_de_rep1_deg2.csv","genotype_0081.csv,genotype_0082.csv"
"epg_configID11_sample_0001_N2_25_475_de_rep2_deg2.csv","genotype_0083.csv,genotype_0084.csv"
"epg_configID11_sample_0002_N2_25_475_fc_rep1_deg2.csv","genotype_0085.csv,genotype_0086.csv"
"epg_configID11_sample_0002_N2_25_475_fc_rep2_deg2.csv","genotype_0087.csv,genotype_0088.csv"
"epg_configID12_sample_0001_N2_50_450_cd_rep1_deg2.csv","genotype_0089.csv,genotype_0090.csv"
"epg_configID12_sample_0001_N2_50_450_cd_rep2_deg2.csv","genotype_0091.csv,genotype_0092.csv"
"epg_configID12_sample_0002_N2_50_450_ba_rep1_deg2.csv","genotype_0093.csv,genotype_0094.csv"
"epg_configID12_sample_0002_N2_50_450_ba_rep2_deg2.csv","genotype_0095.csv,genotype_0096.csv"
"epg_configID13_sample_0001_N2_2500_2500_df_rep1_deg2.csv","genotype_0097.csv,genotype_0098.csv"
"epg_configID13_sample_0001_N2_2500_2500_df_rep2_deg2.csv","genotype_0099.csv,genotype_0100.csv"
"epg_configID13_sample_0002_N2_2500_2500_db_rep1_deg2.csv","genotype_0101.csv,genotype_0102.csv"
"epg_configID13_sample_0002_N2_2500_2500_db_rep2_deg2.csv","genotype_0103.csv,genotype_0104.csv"
"epg_configID14_sample_0001_N2_1667_3333_fd_rep1_deg2.csv","genotype_0105.csv,genotype_0106.csv"
"epg_configID14_sample_0001_N2_1667_3333_fd_rep2_deg2.csv","genotype_0107.csv,genotype_0108.csv"
"epg_configID14_sample_0002_N2_1667_3333_fc_rep1_deg2.csv","genotype_0109.csv,genotype_0110.csv"
"epg_configID14_sample_0002_N2_1667_3333_fc_rep2_deg2.csv","genotype_0111.csv,genotype_0112.csv"
"epg_configID15_sample_0001_N2_250_4750_bf_rep1_deg2.csv","genotype_0113.csv,genotype_0114.csv"
"epg_configID15_sample_0001_N2_250_4750_bf_rep2_deg2.csv","genotype_0115.csv,genotype_0116.csv"
"epg_configID15_sample_0002_N2_250_4750_cc_rep1_deg2.csv","genotype_0117.csv,genotype_0118.csv"
"epg_configID15_sample_0002_N2_250_4750_cc_rep2_deg2.csv","genotype_0119.csv,genotype_0120.csv"
"epg_configID16_sample_0001_N2_500_4500_ce_rep1_deg2.csv","genotype_0121.csv,genotype_0122.csv"
"epg_configID16_sample_0001_N2_500_4500_ce_rep2_deg2.csv","genotype_0123.csv,genotype_0124.csv"
"epg_configID16_sample_0002_N2_500_4500_ac_rep1_deg2.csv","genotype_0125.csv,genotype_0126.csv"
"epg_configID16_sample_0002_N2_500_4500_ac_rep2_deg2.csv","genotype_0127.csv,genotype_0128.csv"
"epg_configID17_sample_0001_N3_167_167_167_aaa_rep1_deg1.csv","genotype_0129.csv,genotype_0130.csv,genotype_0131.csv"
"epg_configID17_sample_0001_N3_167_167_167_aaa_rep2_deg1.csv","genotype_0132.csv,genotype_0133.csv,genotype_0134.csv"
"epg_configID17_sample_0002_N3_167_167_167_bdc_rep1_deg1.csv","genotype_0135.csv,genotype_0136.csv,genotype_0137.csv"
"epg_configID17_sample_0002_N3_167_167_167_bdc_rep2_deg1.csv","genotype_0138.csv,genotype_0139.csv,genotype_0140.csv"
"epg_configID18_sample_0001_N3_83_167_250_dae_rep1_deg1.csv","genotype_0141.csv,genotype_0142.csv,genotype_0143.csv"
"epg_configID18_sample_0001_N3_83_167_250_dae_rep2_deg1.csv","genotype_0144.csv,genotype_0145.csv,genotype_0146.csv"
"epg_configID18_sample_0002_N3_83_167_250_bba_rep1_deg1.csv","genotype_0147.csv,genotype_0148.csv,genotype_0149.csv"
"epg_configID18_sample_0002_N3_83_167_250_bba_rep2_deg1.csv","genotype_0150.csv,genotype_0151.csv,genotype_0152.csv"
"epg_configID19_sample_0001_N3_25_25_450_abb_rep1_deg1.csv","genotype_0153.csv,genotype_0154.csv,genotype_0155.csv"
"epg_configID19_sample_0001_N3_25_25_450_abb_rep2_deg1.csv","genotype_0156.csv,genotype_0157.csv,genotype_0158.csv"
"epg_configID19_sample_0002_N3_25_25_450_baa_rep1_deg1.csv","genotype_0159.csv,genotype_0160.csv,genotype_0161.csv"
"epg_configID19_sample_0002_N3_25_25_450_baa_rep2_deg1.csv","genotype_0162.csv,genotype_0163.csv,genotype_0164.csv"
"epg_configID20_sample_0001_N3_50_50_400_abd_rep1_deg1.csv","genotype_0165.csv,genotype_0166.csv,genotype_0167.csv"
"epg_configID20_sample_0001_N3_50_50_400_abd_rep2_deg1.csv","genotype_0168.csv,genotype_0169.csv,genotype_0170.csv"
"epg_configID20_sample_0002_N3_50_50_400_aac_rep1_deg1.csv","genotype_0171.csv,genotype_0172.csv,genotype_0173.csv"
"epg_configID20_sample_0002_N3_50_50_400_aac_rep2_deg1.csv","genotype_0174.csv,genotype_0175.csv,genotype_0176.csv"
"epg_configID21_sample_0001_N3_1667_1667_1667_bbb_rep1_deg1.csv","genotype_0177.csv,genotype_0178.csv,genotype_0179.csv"
"epg_configID21_sample_0001_N3_1667_1667_1667_bbb_rep2_deg1.csv","genotype_0180.csv,genotype_0181.csv,genotype_0182.csv"
"epg_configID21_sample_0002_N3_1667_1667_1667_bab_rep1_deg1.csv","genotype_0183.csv,genotype_0184.csv,genotype_0185.csv"
"epg_configID21_sample_0002_N3_1667_1667_1667_bab_rep2_deg1.csv","genotype_0186.csv,genotype_0187.csv,genotype_0188.csv"
"epg_configID22_sample_0001_N3_833_1667_2500_aaa_rep1_deg1.csv","genotype_0189.csv,genotype_0190.csv,genotype_0191.csv"
"epg_configID22_sample_0001_N3_833_1667_2500_aaa_rep2_deg1.csv","genotype_0192.csv,genotype_0193.csv,genotype_0194.csv"
"epg_configID22_sample_0002_N3_833_1667_2500_bab_rep1_deg1.csv","genotype_0195.csv,genotype_0196.csv,genotype_0197.csv"
"epg_configID22_sample_0002_N3_833_1667_2500_bab_rep2_deg1.csv","genotype_0198.csv,genotype_0199.csv,genotype_0200.csv"
"epg_configID23_sample_0001_N3_250_250_4500_aad_rep1_deg1.csv","genotype_0201.csv,genotype_0202.csv,genotype_0203.csv"
"epg_configID23_sample_0001_N3_250_250_4500_aad_rep2_deg1.csv","genotype_0204.csv,genotype_0205.csv,genotype_0206.csv"
"epg_configID23_sample_0002_N3_250_250_4500_aac_rep1_deg1.csv","genotype_0207.csv,genotype_0208.csv,genotype_0209.csv"
"epg_configID23_sample_0002_N3_250_250_4500_aac_rep2_deg1.csv","genotype_0210.csv,genotype_0211.csv,genotype_0212.csv"
"epg_configID24_sample_0001_N3_500_500_4000_bab_rep1_deg1.csv","genotype_0213.csv,genotype_0214.csv,genotype_0215.csv"
"epg_configID24_sample_0001_N3_500_500_4000_bab_rep2_deg1.csv","genotype_0216.csv,genotype_0217.csv,genotype_0218.csv"
"epg_configID24_sample_0002_N3_500_500_4000_cab_rep1_deg1.csv","genotype_0219.csv,genotype_0220.csv,genotype_0221.csv"
"epg_configID24_sample_0002_N3_500_500_4000_cab_rep2_deg1.csv","genotype_0222.csv,genotype_0223.csv,genotype_0224.csv"
"epg_configID25_sample_0001_N3_167_167_167_fea_rep1_deg2.csv","genotype_0225.csv,genotype_0226.csv,genotype_0227.csv"
"epg_configID25_sample_0001_N3_167_167_167_fea_rep2_deg2.csv","genotype_0228.csv,genotype_0229.csv,genotype_0230.csv"
"epg_configID25_sample_0002_N3_167_167_167_fbb_rep1_deg2.csv","genotype_0231.csv,genotype_0232.csv,genotype_0233.csv"
"epg_configID25_sample_0002_N3_167_167_167_fbb_rep2_deg2.csv","genotype_0234.csv,genotype_0235.csv,genotype_0236.csv"
"epg_configID26_sample_0001_N3_83_167_250_cbb_rep1_deg2.csv","genotype_0237.csv,genotype_0238.csv,genotype_0239.csv"
"epg_configID26_sample_0001_N3_83_167_250_cbb_rep2_deg2.csv","genotype_0240.csv,genotype_0241.csv,genotype_0242.csv"
"epg_configID26_sample_0002_N3_83_167_250_fbb_rep1_deg2.csv","genotype_0243.csv,genotype_0244.csv,genotype_0245.csv"
"epg_configID26_sample_0002_N3_83_167_250_fbb_rep2_deg2.csv","genotype_0246.csv,genotype_0247.csv,genotype_0248.csv"
"epg_configID27_sample_0001_N3_25_25_450_fdb_rep1_deg2.csv","genotype_0249.csv,genotype_0250.csv,genotype_0251.csv"
"epg_configID27_sample_0001_N3_25_25_450_fdb_rep2_deg2.csv","genotype_0252.csv,genotype_0253.csv,genotype_0254.csv"
"epg_configID27_sample_0002_N3_25_25_450_ecd_rep1_deg2.csv","genotype_0255.csv,genotype_0256.csv,genotype_0257.csv"
"epg_configID27_sample_0002_N3_25_25_450_ecd_rep2_deg2.csv","genotype_0258.csv,genotype_0259.csv,genotype_0260.csv"
"epg_configID28_sample_0001_N3_50_50_400_cde_rep1_deg2.csv","genotype_0261.csv,genotype_0262.csv,genotype_0263.csv"
"epg_configID28_sample_0001_N3_50_50_400_cde_rep2_deg2.csv","genotype_0264.csv,genotype_0265.csv,genotype_0266.csv"
"epg_configID28_sample_0002_N3_50_50_400_ddc_rep1_deg2.csv","genotype_0267.csv,genotype_0268.csv,genotype_0269.csv"
"epg_configID28_sample_0002_N3_50_50_400_ddc_rep2_deg2.csv","genotype_0270.csv,genotype_0271.csv,genotype_0272.csv"
"epg_configID29_sample_0001_N3_1667_1667_1667_edf_rep1_deg2.csv","genotype_0273.csv,genotype_0274.csv,genotype_0275.csv"
"epg_configID29_sample_0001_N3_1667_1667_1667_edf_rep2_deg2.csv","genotype_0276.csv,genotype_0277.csv,genotype_0278.csv"
"epg_configID29_sample_0002_N3_1667_1667_1667_ddb_rep1_deg2.csv","genotype_0279.csv,genotype_0280.csv,genotype_0281.csv"
"epg_configID29_sample_0002_N3_1667_1667_1667_ddb_rep2_deg2.csv","genotype_0282.csv,genotype_0283.csv,genotype_0284.csv"
"epg_configID30_sample_0001_N3_833_1667_2500_fdf_rep1_deg2.csv","genotype_0285.csv,genotype_0286.csv,genotype_0287.csv"
"epg_configID30_sample_0001_N3_833_1667_2500_fdf_rep2_deg2.csv","genotype_0288.csv,genotype_0289.csv,genotype_0290.csv"
"epg_configID30_sample_0002_N3_833_1667_2500_fcc_rep1_deg2.csv","genotype_0291.csv,genotype_0292.csv,genotype_0293.csv"
"epg_configID30_sample_0002_N3_833_1667_2500_fcc_rep2_deg2.csv","genotype_0294.csv,genotype_0295.csv,genotype_0296.csv"
"epg_configID31_sample_0001_N3_250_250_4500_fde_rep1_deg2.csv","genotype_0297.csv,genotype_0298.csv,genotype_0299.csv"
"epg_configID31_sample_0001_N3_250_250_4500_fde_rep2_deg2.csv","genotype_0300.csv,genotype_0301.csv,genotype_0302.csv"
"epg_configID31_sample_0002_N3_250_250_4500_cbf_rep1_deg2.csv","genotype_0303.csv,genotype_0304.csv,genotype_0305.csv"
"epg_configID31_sample_0002_N3_250_250_4500_cbf_rep2_deg2.csv","genotype_0306.csv,genotype_0307.csv,genotype_0308.csv"
"epg_configID32_sample_0001_N3_500_500_4000_def_rep1_deg2.csv","genotype_0309.csv,genotype_0310.csv,genotype_0311.csv"
"epg_configID32_sample_0001_N3_500_500_4000_def_rep2_deg2.csv","genotype_0312.csv,genotype_0313.csv,genotype_0314.csv"
"epg_configID32_sample_0002_N3_500_500_4000_cdd_rep1_deg2.csv","genotype_0315.csv,genotype_0316.csv,genotype_0317.csv"
"epg_configID32_sample_0002_N3_500_500_4000_cdd_rep2_deg2.csv","genotype_0318.csv,genotype_0319.csv,genotype_0320.csv"
"epg_configID33_sample_0001_N4_125_125_125_125_baaa_rep1_deg1.csv","genotype_0321.csv,genotype_0322.csv,genotype_0323.csv,genotype_0324.csv"
"epg_configID33_sample_0001_N4_125_125_125_125_baaa_rep2_deg1.csv","genotype_0325.csv,genotype_0326.csv,genotype_0327.csv,genotype_0328.csv"
"epg_configID33_sample_0002_N4_125_125_125_125_bbce_rep1_deg1.csv","genotype_0329.csv,genotype_0330.csv,genotype_0331.csv,genotype_0332.csv"
"epg_configID33_sample_0002_N4_125_125_125_125_bbce_rep2_deg1.csv","genotype_0333.csv,genotype_0334.csv,genotype_0335.csv,genotype_0336.csv"
"epg_configID34_sample_0001_N4_50_100_150_200_aaaa_rep1_deg1.csv","genotype_0337.csv,genotype_0338.csv,genotype_0339.csv,genotype_0340.csv"
"epg_configID34_sample_0001_N4_50_100_150_200_aaaa_rep2_deg1.csv","genotype_0341.csv,genotype_0342.csv,genotype_0343.csv,genotype_0344.csv"
"epg_configID34_sample_0002_N4_50_100_150_200_abba_rep1_deg1.csv","genotype_0345.csv,genotype_0346.csv,genotype_0347.csv,genotype_0348.csv"
"epg_configID34_sample_0002_N4_50_100_150_200_abba_rep2_deg1.csv","genotype_0349.csv,genotype_0350.csv,genotype_0351.csv,genotype_0352.csv"
"epg_configID35_sample_0001_N4_25_25_25_425_bacb_rep1_deg1.csv","genotype_0353.csv,genotype_0354.csv,genotype_0355.csv,genotype_0356.csv"
"epg_configID35_sample_0001_N4_25_25_25_425_bacb_rep2_deg1.csv","genotype_0357.csv,genotype_0358.csv,genotype_0359.csv,genotype_0360.csv"
"epg_configID35_sample_0002_N4_25_25_25_425_babb_rep1_deg1.csv","genotype_0361.csv,genotype_0362.csv,genotype_0363.csv,genotype_0364.csv"
"epg_configID35_sample_0002_N4_25_25_25_425_babb_rep2_deg1.csv","genotype_0365.csv,genotype_0366.csv,genotype_0367.csv,genotype_0368.csv"
"epg_configID36_sample_0001_N4_50_50_200_200_abac_rep1_deg1.csv","genotype_0369.csv,genotype_0370.csv,genotype_0371.csv,genotype_0372.csv"
"epg_configID36_sample_0001_N4_50_50_200_200_abac_rep2_deg1.csv","genotype_0373.csv,genotype_0374.csv,genotype_0375.csv,genotype_0376.csv"
"epg_configID36_sample_0002_N4_50_50_200_200_abbc_rep1_deg1.csv","genotype_0377.csv,genotype_0378.csv,genotype_0379.csv,genotype_0380.csv"
"epg_configID36_sample_0002_N4_50_50_200_200_abbc_rep2_deg1.csv","genotype_0381.csv,genotype_0382.csv,genotype_0383.csv,genotype_0384.csv"
"epg_configID37_sample_0001_N4_1250_1250_1250_1250_caaa_rep1_deg1.csv","genotype_0385.csv,genotype_0386.csv,genotype_0387.csv,genotype_0388.csv"
"epg_configID37_sample_0001_N4_1250_1250_1250_1250_caaa_rep2_deg1.csv","genotype_0389.csv,genotype_0390.csv,genotype_0391.csv,genotype_0392.csv"
"epg_configID37_sample_0002_N4_1250_1250_1250_1250_aaac_rep1_deg1.csv","genotype_0393.csv,genotype_0394.csv,genotype_0395.csv,genotype_0396.csv"
"epg_configID37_sample_0002_N4_1250_1250_1250_1250_aaac_rep2_deg1.csv","genotype_0397.csv,genotype_0398.csv,genotype_0399.csv,genotype_0400.csv"
"epg_configID38_sample_0001_N4_500_1000_1500_2000_babb_rep1_deg1.csv","genotype_0401.csv,genotype_0402.csv,genotype_0403.csv,genotype_0404.csv"
"epg_configID38_sample_0001_N4_500_1000_1500_2000_babb_rep2_deg1.csv","genotype_0405.csv,genotype_0406.csv,genotype_0407.csv,genotype_0408.csv"
"epg_configID38_sample_0002_N4_500_1000_1500_2000_aaaa_rep1_deg1.csv","genotype_0409.csv,genotype_0410.csv,genotype_0411.csv,genotype_0412.csv"
"epg_configID38_sample_0002_N4_500_1000_1500_2000_aaaa_rep2_deg1.csv","genotype_0413.csv,genotype_0414.csv,genotype_0415.csv,genotype_0416.csv"
"epg_configID39_sample_0001_N4_250_250_250_4250_babb_rep1_deg1.csv","genotype_0417.csv,genotype_0418.csv,genotype_0419.csv,genotype_0420.csv"
"epg_configID39_sample_0001_N4_250_250_250_4250_babb_rep2_deg1.csv","genotype_0421.csv,genotype_0422.csv,genotype_0423.csv,genotype_0424.csv"
"epg_configID39_sample_0002_N4_250_250_250_4250_abcb_rep1_deg1.csv","genotype_0425.csv,genotype_0426.csv,genotype_0427.csv,genotype_0428.csv"
"epg_configID39_sample_0002_N4_250_250_250_4250_abcb_rep2_deg1.csv","genotype_0429.csv,genotype_0430.csv,genotype_0431.csv,genotype_0432.csv"
"epg_configID40_sample_0001_N4_500_500_2000_2000_abaa_rep1_deg1.csv","genotype_0433.csv,genotype_0434.csv,genotype_0435.csv,genotype_0436.csv"
"epg_configID40_sample_0001_N4_500_500_2000_2000_abaa_rep2_deg1.csv","genotype_0437.csv,genotype_0438.csv,genotype_0439.csv,genotype_0440.csv"
"epg_configID40_sample_0002_N4_500_500_2000_2000_aaaa_rep1_deg1.csv","genotype_0441.csv,genotype_0442.csv,genotype_0443.csv,genotype_0444.csv"
"epg_configID40_sample_0002_N4_500_500_2000_2000_aaaa_rep2_deg1.csv","genotype_0445.csv,genotype_0446.csv,genotype_0447.csv,genotype_0448.csv"
"epg_configID41_sample_0001_N4_125_125_125_125_eceb_rep1_deg2.csv","genotype_0449.csv,genotype_0450.csv,genotype_0451.csv,genotype_0452.csv"
"epg_configID41_sample_0001_N4_125_125_125_125_eceb_rep2_deg2.csv","genotype_0453.csv,genotype_0454.csv,genotype_0455.csv,genotype_0456.csv"
"epg_configID41_sample_0002_N4_125_125_125_125_cffc_rep1_deg2.csv","genotype_0457.csv,genotype_0458.csv,genotype_0459.csv,genotype_0460.csv"
"epg_configID41_sample_0002_N4_125_125_125_125_cffc_rep2_deg2.csv","genotype_0461.csv,genotype_0462.csv,genotype_0463.csv,genotype_0464.csv"
"epg_configID42_sample_0001_N4_50_100_150_200_cbcd_rep1_deg2.csv","genotype_0465.csv,genotype_0466.csv,genotype_0467.csv,genotype_0468.csv"
"epg_configID42_sample_0001_N4_50_100_150_200_cbcd_rep2_deg2.csv","genotype_0469.csv,genotype_0470.csv,genotype_0471.csv,genotype_0472.csv"
"epg_configID42_sample_0002_N4_50_100_150_200_bcce_rep1_deg2.csv","genotype_0473.csv,genotype_0474.csv,genotype_0475.csv,genotype_0476.csv"
"epg_configID42_sample_0002_N4_50_100_150_200_bcce_rep2_deg2.csv","genotype_0477.csv,genotype_0478.csv,genotype_0479.csv,genotype_0480.csv"
"epg_configID43_sample_0001_N4_25_25_25_425_fffc_rep1_deg2.csv","genotype_0481.csv,genotype_0482.csv,genotype_0483.csv,genotype_0484.csv"
"epg_configID43_sample_0001_N4_25_25_25_425_fffc_rep2_deg2.csv","genotype_0485.csv,genotype_0486.csv,genotype_0487.csv,genotype_0488.csv"
"epg_configID43_sample_0002_N4_25_25_25_425_bbea_rep1_deg2.csv","genotype_0489.csv,genotype_0490.csv,genotype_0491.csv,genotype_0492.csv"
"epg_configID43_sample_0002_N4_25_25_25_425_bbea_rep2_deg2.csv","genotype_0493.csv,genotype_0494.csv,genotype_0495.csv,genotype_0496.csv"
"epg_configID44_sample_0001_N4_50_50_200_200_bfef_rep1_deg2.csv","genotype_0497.csv,genotype_0498.csv,genotype_0499.csv,genotype_0500.csv"
"epg_configID44_sample_0001_N4_50_50_200_200_bfef_rep2_deg2.csv","genotype_0501.csv,genotype_0502.csv,genotype_0503.csv,genotype_0504.csv"
"epg_configID44_sample_0002_N4_50_50_200_200_bccc_rep1_deg2.csv","genotype_0505.csv,genotype_0506.csv,genotype_0507.csv,genotype_0508.csv"
"epg_configID44_sample_0002_N4_50_50_200_200_bccc_rep2_deg2.csv","genotype_0509.csv,genotype_0510.csv,genotype_0511.csv,genotype_0512.csv"
"epg_configID45_sample_0001_N4_1250_1250_1250_1250_effc_rep1_deg2.csv","genotype_0513.csv,genotype_0514.csv,genotype_0515.csv,genotype_0516.csv"
"epg_configID45_sample_0001_N4_1250_1250_1250_1250_effc_rep2_deg2.csv","genotype_0517.csv,genotype_0518.csv,genotype_0519.csv,genotype_0520.csv"
"epg_configID45_sample_0002_N4_1250_1250_1250_1250_bcdb_rep1_deg2.csv","genotype_0521.csv,genotype_0522.csv,genotype_0523.csv,genotype_0524.csv"
"epg_configID45_sample_0002_N4_1250_1250_1250_1250_bcdb_rep2_deg2.csv","genotype_0525.csv,genotype_0526.csv,genotype_0527.csv,genotype_0528.csv"
"epg_configID46_sample_0001_N4_500_1000_1500_2000_deff_rep1_deg2.csv","genotype_0529.csv,genotype_0530.csv,genotype_0531.csv,genotype_0532.csv"
"epg_configID46_sample_0001_N4_500_1000_1500_2000_deff_rep2_deg2.csv","genotype_0533.csv,genotype_0534.csv,genotype_0535.csv,genotype_0536.csv"
"epg_configID46_sample_0002_N4_500_1000_1500_2000_dfff_rep1_deg2.csv","genotype_0537.csv,genotype_0538.csv,genotype_0539.csv,genotype_0540.csv"
"epg_configID46_sample_0002_N4_500_1000_1500_2000_dfff_rep2_deg2.csv","genotype_0541.csv,genotype_0542.csv,genotype_0543.csv,genotype_0544.csv"
"epg_configID47_sample_0001_N4_250_250_250_4250_ecec_rep1_deg2.csv","genotype_0545.csv,genotype_0546.csv,genotype_0547.csv,genotype_0548.csv"
"epg_configID47_sample_0001_N4_250_250_250_4250_ecec_rep2_deg2.csv","genotype_0549.csv,genotype_0550.csv,genotype_0551.csv,genotype_0552.csv"
"epg_configID47_sample_0002_N4_250_250_250_4250_cefd_rep1_deg2.csv","genotype_0553.csv,genotype_0554.csv,genotype_0555.csv,genotype_0556.csv"
"epg_configID47_sample_0002_N4_250_250_250_4250_cefd_rep2_deg2.csv","genotype_0557.csv,genotype_0558.csv,genotype_0559.csv,genotype_0560.csv"
"epg_configID48_sample_0001_N4_500_500_2000_2000_cfcd_rep1_deg2.csv","genotype_0561.csv,genotype_0562.csv,genotype_0563.csv,genotype_0564.csv"
"epg_configID48_sample_0001_N4_500_500_2000_2000_cfcd_rep2_deg2.csv","genotype_0565.csv,genotype_0566.csv,genotype_0567.csv,genotype_0568.csv"
"epg_configID48_sample_0002_N4_500_500_2000_2000_fabb_rep1_deg2.csv","genotype_0569.csv,genotype_0570.csv,genotype_0571.csv,genotype_0572.csv"
"epg_configID48_sample_0002_N4_500_500_2000_2000_fabb_rep2_deg2.csv","genotype_0573.csv,genotype_0574.csv,genotype_0575.csv,genotype_0576.csv"
"epg_configID49_sample_0001_N5_100_100_100_100_100_aabbb_rep1_deg1.csv","genotype_0577.csv,genotype_0578.csv,genotype_0579.csv,genotype_0580.csv,genotype_0581.csv"
"epg_configID49_sample_0001_N5_100_100_100_100_100_aabbb_rep2_deg1.csv","genotype_0582.csv,genotype_0583.csv,genotype_0584.csv,genotype_0585.csv,genotype_0586.csv"
"epg_configID49_sample_0002_N5_100_100_100_100_100_bcbaa_rep1_deg1.csv","genotype_0587.csv,genotype_0588.csv,genotype_0589.csv,genotype_0590.csv,genotype_0591.csv"
"epg_configID49_sample_0002_N5_100_100_100_100_100_bcbaa_rep2_deg1.csv","genotype_0592.csv,genotype_0593.csv,genotype_0594.csv,genotype_0595.csv,genotype_0596.csv"
"epg_configID50_sample_0001_N5_33_67_100_133_167_aaabb_rep1_deg1.csv","genotype_0597.csv,genotype_0598.csv,genotype_0599.csv,genotype_0600.csv,genotype_0601.csv"
"epg_configID50_sample_0001_N5_33_67_100_133_167_aaabb_rep2_deg1.csv","genotype_0602.csv,genotype_0603.csv,genotype_0604.csv,genotype_0605.csv,genotype_0606.csv"
"epg_configID50_sample_0002_N5_33_67_100_133_167_bdaba_rep1_deg1.csv","genotype_0607.csv,genotype_0608.csv,genotype_0609.csv,genotype_0610.csv,genotype_0611.csv"
"epg_configID50_sample_0002_N5_33_67_100_133_167_bdaba_rep2_deg1.csv","genotype_0612.csv,genotype_0613.csv,genotype_0614.csv,genotype_0615.csv,genotype_0616.csv"
"epg_configID51_sample_0001_N5_25_25_25_25_400_ababb_rep1_deg1.csv","genotype_0617.csv,genotype_0618.csv,genotype_0619.csv,genotype_0620.csv,genotype_0621.csv"
"epg_configID51_sample_0001_N5_25_25_25_25_400_ababb_rep2_deg1.csv","genotype_0622.csv,genotype_0623.csv,genotype_0624.csv,genotype_0625.csv,genotype_0626.csv"
"epg_configID51_sample_0002_N5_25_25_25_25_400_abbcc_rep1_deg1.csv","genotype_0627.csv,genotype_0628.csv,genotype_0629.csv,genotype_0630.csv,genotype_0631.csv"
"epg_configID51_sample_0002_N5_25_25_25_25_400_abbcc_rep2_deg1.csv","genotype_0632.csv,genotype_0633.csv,genotype_0634.csv,genotype_0635.csv,genotype_0636.csv"
"epg_configID52_sample_0001_N5_50_50_133_133_133_bcbbb_rep1_deg1.csv","genotype_0637.csv,genotype_0638.csv,genotype_0639.csv,genotype_0640.csv,genotype_0641.csv"
"epg_configID52_sample_0001_N5_50_50_133_133_133_bcbbb_rep2_deg1.csv","genotype_0642.csv,genotype_0643.csv,genotype_0644.csv,genotype_0645.csv,genotype_0646.csv"
"epg_configID52_sample_0002_N5_50_50_133_133_133_daaba_rep1_deg1.csv","genotype_0647.csv,genotype_0648.csv,genotype_0649.csv,genotype_0650.csv,genotype_0651.csv"
"epg_configID52_sample_0002_N5_50_50_133_133_133_daaba_rep2_deg1.csv","genotype_0652.csv,genotype_0653.csv,genotype_0654.csv,genotype_0655.csv,genotype_0656.csv"
"epg_configID53_sample_0001_N5_1000_1000_1000_1000_1000_badab_rep1_deg1.csv","genotype_0657.csv,genotype_0658.csv,genotype_0659.csv,genotype_0660.csv,genotype_0661.csv"
"epg_configID53_sample_0001_N5_1000_1000_1000_1000_1000_badab_rep2_deg1.csv","genotype_0662.csv,genotype_0663.csv,genotype_0664.csv,genotype_0665.csv,genotype_0666.csv"
"epg_configID53_sample_0002_N5_1000_1000_1000_1000_1000_cbbab_rep1_deg1.csv","genotype_0667.csv,genotype_0668.csv,genotype_0669.csv,genotype_0670.csv,genotype_0671.csv"
"epg_configID53_sample_0002_N5_1000_1000_1000_1000_1000_cbbab_rep2_deg1.csv","genotype_0672.csv,genotype_0673.csv,genotype_0674.csv,genotype_0675.csv,genotype_0676.csv"
"epg_configID54_sample_0001_N5_333_667_1000_1333_1667_bacba_rep1_deg1.csv","genotype_0677.csv,genotype_0678.csv,genotype_0679.csv,genotype_0680.csv,genotype_0681.csv"
"epg_configID54_sample_0001_N5_333_667_1000_1333_1667_bacba_rep2_deg1.csv","genotype_0682.csv,genotype_0683.csv,genotype_0684.csv,genotype_0685.csv,genotype_0686.csv"
"epg_configID54_sample_0002_N5_333_667_1000_1333_1667_bcaab_rep1_deg1.csv","genotype_0687.csv,genotype_0688.csv,genotype_0689.csv,genotype_0690.csv,genotype_0691.csv"
"epg_configID54_sample_0002_N5_333_667_1000_1333_1667_bcaab_rep2_deg1.csv","genotype_0692.csv,genotype_0693.csv,genotype_0694.csv,genotype_0695.csv,genotype_0696.csv"
"epg_configID55_sample_0001_N5_250_250_250_250_4000_aacda_rep1_deg1.csv","genotype_0697.csv,genotype_0698.csv,genotype_0699.csv,genotype_0700.csv,genotype_0701.csv"
"epg_configID55_sample_0001_N5_250_250_250_250_4000_aacda_rep2_deg1.csv","genotype_0702.csv,genotype_0703.csv,genotype_0704.csv,genotype_0705.csv,genotype_0706.csv"
"epg_configID55_sample_0002_N5_250_250_250_250_4000_caabb_rep1_deg1.csv","genotype_0707.csv,genotype_0708.csv,genotype_0709.csv,genotype_0710.csv,genotype_0711.csv"
"epg_configID55_sample_0002_N5_250_250_250_250_4000_caabb_rep2_deg1.csv","genotype_0712.csv,genotype_0713.csv,genotype_0714.csv,genotype_0715.csv,genotype_0716.csv"
"epg_configID56_sample_0001_N5_500_500_1333_1333_1333_baaac_rep1_deg1.csv","genotype_0717.csv,genotype_0718.csv,genotype_0719.csv,genotype_0720.csv,genotype_0721.csv"
"epg_configID56_sample_0001_N5_500_500_1333_1333_1333_baaac_rep2_deg1.csv","genotype_0722.csv,genotype_0723.csv,genotype_0724.csv,genotype_0725.csv,genotype_0726.csv"
"epg_configID56_sample_0002_N5_500_500_1333_1333_1333_aabac_rep1_deg1.csv","genotype_0727.csv,genotype_0728.csv,genotype_0729.csv,genotype_0730.csv,genotype_0731.csv"
"epg_configID56_sample_0002_N5_500_500_1333_1333_1333_aabac_rep2_deg1.csv","genotype_0732.csv,genotype_0733.csv,genotype_0734.csv,genotype_0735.csv,genotype_0736.csv"
"epg_configID57_sample_0001_N5_100_100_100_100_100_dedcf_rep1_deg2.csv","genotype_0737.csv,genotype_0738.csv,genotype_0739.csv,genotype_0740.csv,genotype_0741.csv"
"epg_configID57_sample_0001_N5_100_100_100_100_100_dedcf_rep2_deg2.csv","genotype_0742.csv,genotype_0743.csv,genotype_0744.csv,genotype_0745.csv,genotype_0746.csv"
"epg_configID57_sample_0002_N5_100_100_100_100_100_ededd_rep1_deg2.csv","genotype_0747.csv,genotype_0748.csv,genotype_0749.csv,genotype_0750.csv,genotype_0751.csv"
"epg_configID57_sample_0002_N5_100_100_100_100_100_ededd_rep2_deg2.csv","genotype_0752.csv,genotype_0753.csv,genotype_0754.csv,genotype_0755.csv,genotype_0756.csv"
"epg_configID58_sample_0001_N5_33_67_100_133_167_ddeff_rep1_deg2.csv","genotype_0757.csv,genotype_0758.csv,genotype_0759.csv,genotype_0760.csv,genotype_0761.csv"
"epg_configID58_sample_0001_N5_33_67_100_133_167_ddeff_rep2_deg2.csv","genotype_0762.csv,genotype_0763.csv,genotype_0764.csv,genotype_0765.csv,genotype_0766.csv"
"epg_configID58_sample_0002_N5_33_67_100_133_167_fdfbf_rep1_deg2.csv","genotype_0767.csv,genotype_0768.csv,genotype_0769.csv,genotype_0770.csv,genotype_0771.csv"
"epg_configID58_sample_0002_N5_33_67_100_133_167_fdfbf_rep2_deg2.csv","genotype_0772.csv,genotype_0773.csv,genotype_0774.csv,genotype_0775.csv,genotype_0776.csv"
"epg_configID59_sample_0001_N5_25_25_25_25_400_ddddc_rep1_deg2.csv","genotype_0777.csv,genotype_0778.csv,genotype_0779.csv,genotype_0780.csv,genotype_0781.csv"
"epg_configID59_sample_0001_N5_25_25_25_25_400_ddddc_rep2_deg2.csv","genotype_0782.csv,genotype_0783.csv,genotype_0784.csv,genotype_0785.csv,genotype_0786.csv"
"epg_configID59_sample_0002_N5_25_25_25_25_400_bddde_rep1_deg2.csv","genotype_0787.csv,genotype_0788.csv,genotype_0789.csv,genotype_0790.csv,genotype_0791.csv"
"epg_configID59_sample_0002_N5_25_25_25_25_400_bddde_rep2_deg2.csv","genotype_0792.csv,genotype_0793.csv,genotype_0794.csv,genotype_0795.csv,genotype_0796.csv"
"epg_configID60_sample_0001_N5_50_50_133_133_133_eacad_rep1_deg2.csv","genotype_0797.csv,genotype_0798.csv,genotype_0799.csv,genotype_0800.csv,genotype_0801.csv"
"epg_configID60_sample_0001_N5_50_50_133_133_133_eacad_rep2_deg2.csv","genotype_0802.csv,genotype_0803.csv,genotype_0804.csv,genotype_0805.csv,genotype_0806.csv"
"epg_configID60_sample_0002_N5_50_50_133_133_133_cedbc_rep1_deg2.csv","genotype_0807.csv,genotype_0808.csv,genotype_0809.csv,genotype_0810.csv,genotype_0811.csv"
"epg_configID60_sample_0002_N5_50_50_133_133_133_cedbc_rep2_deg2.csv","genotype_0812.csv,genotype_0813.csv,genotype_0814.csv,genotype_0815.csv,genotype_0816.csv"
"epg_configID61_sample_0001_N5_1000_1000_1000_1000_1000_befca_rep1_deg2.csv","genotype_0817.csv,genotype_0818.csv,genotype_0819.csv,genotype_0820.csv,genotype_0821.csv"
"epg_configID61_sample_0001_N5_1000_1000_1000_1000_1000_befca_rep2_deg2.csv","genotype_0822.csv,genotype_0823.csv,genotype_0824.csv,genotype_0825.csv,genotype_0826.csv"
"epg_configID61_sample_0002_N5_1000_1000_1000_1000_1000_bdecb_rep1_deg2.csv","genotype_0827.csv,genotype_0828.csv,genotype_0829.csv,genotype_0830.csv,genotype_0831.csv"
"epg_configID61_sample_0002_N5_1000_1000_1000_1000_1000_bdecb_rep2_deg2.csv","genotype_0832.csv,genotype_0833.csv,genotype_0834.csv,genotype_0835.csv,genotype_0836.csv"
"epg_configID62_sample_0001_N5_333_667_1000_1333_1667_afcdb_rep1_deg2.csv","genotype_0837.csv,genotype_0838.csv,genotype_0839.csv,genotype_0840.csv,genotype_0841.csv"
"epg_configID62_sample_0001_N5_333_667_1000_1333_1667_afcdb_rep2_deg2.csv","genotype_0842.csv,genotype_0843.csv,genotype_0844.csv,genotype_0845.csv,genotype_0846.csv"
"epg_configID62_sample_0002_N5_333_667_1000_1333_1667_cffbc_rep1_deg2.csv","genotype_0847.csv,genotype_0848.csv,genotype_0849.csv,genotype_0850.csv,genotype_0851.csv"
"epg_configID62_sample_0002_N5_333_667_1000_1333_1667_cffbc_rep2_deg2.csv","genotype_0852.csv,genotype_0853.csv,genotype_0854.csv,genotype_0855.csv,genotype_0856.csv"
"epg_configID63_sample_0001_N5_250_250_250_250_4000_fcbdf_rep1_deg2.csv","genotype_0857.csv,genotype_0858.csv,genotype_0859.csv,genotype_0860.csv,genotype_0861.csv"
"epg_configID63_sample_0001_N5_250_250_250_250_4000_fcbdf_rep2_deg2.csv","genotype_0862.csv,genotype_0863.csv,genotype_0864.csv,genotype_0865.csv,genotype_0866.csv"
"epg_configID63_sample_0002_N5_250_250_250_250_4000_dfcce_rep1_deg2.csv","genotype_0867.csv,genotype_0868.csv,genotype_0869.csv,genotype_0870.csv,genotype_0871.csv"
"epg_configID63_sample_0002_N5_250_250_250_250_4000_dfcce_rep2_deg2.csv","genotype_0872.csv,genotype_0873.csv,genotype_0874.csv,genotype_0875.csv,genotype_0876.csv"
"epg_configID64_sample_0001_N5_500_500_1333_1333_1333_cdebd_rep1_deg2.csv","genotype_0877.csv,genotype_0878.csv,genotype_0879.csv,genotype_0880.csv,genotype_0881.csv"
"epg_configID64_sample_0001_N5_500_500_1333_1333_1333_cdebd_rep2_deg2.csv","genotype_0882.csv,genotype_0883.csv,genotype_0884.csv,genotype_0885.csv,genotype_0886.csv"
"epg_configID64_sample_0002_N5_500_500_1333_1333_1333_bbbdf_rep1_deg2.csv","genotype_0887.csv,genotype_0888.csv,genotype_0889.csv,genotype_0890.csv,genotype_0891.csv"
"epg_configID64_sample_0002_N5_500_500_1333_1333_1333_bbbdf_rep2_deg2.csv","genotype_0892.csv,genotype_0893.csv,genotype_0894.csv,genotype_0895.csv,genotype_0896.csv"
